Iteración,xi,f(xi),Error
1,-5,14.9990234375,2.14125859098224
2,-2.85874140901776,-1.8466024818928,0.289659790013761
3,-3.14840119903152,-0.100289494253238,0.0158040433021078
4,-3.16420524233363,-0.000249144755244401,3.92617396967054e-05
5,-3.16424450407332,-1.52308840507432e-09,2.40017339336873e-10
