Iteración,xi,f(xi),Error
1,0.947516091764318,8.125,0.552483908235682
2,1.06470399307259,-1.60298414312629,0.117187901308275
3,1.07791209073011,-0.180331565072615,0.0132080976575131
4,1.07805764787654,-0.0019872259809312,0.000145557146437936
5,1.07805766521594,-2.36726886382339e-07,1.73393919222775e-08
