Iteración,xi,f(xi),Error
1,1.45098039215686,47,6.45098039215686
2,1.04577347143334,-1.69857747020377,0.405206920723518
3,0.688595493685113,-1.08945173217963,0.357177977748231
4,0.589804903444715,-0.280218220817008,0.0987905902403977
5,0.585792163076594,-0.0113497896514318,0.00401274036812171
6,0.585786437638495,-1.61939844204328e-05,5.72543809895798e-06
7,0.585786437626905,-3.27810589753944e-11,1.15898401986669e-11
