Iteración,xi,f(xi),Error
1,-5,-793,5.73406534547402
2,0.734065345474023,-3.57803959280385,0.26906397531866
3,1.00312932079268,-0.962350070779876,0.0704203328586019
4,1.07354965365128,-0.0613192874469695,0.00449139539821597
5,1.0780410490495,-0.000226849930443817,1.66159405259325e-05
6,1.07805766499003,-3.08423563379059e-09,2.25909069229147e-10
