Iteración,xi,f(xi),Error
1,2,-9.85203026391962,1.04848751138525
2,0.951512488614748,-5.70057024136476,0.428928774956478
3,0.52258371365827,-1.93462565319986,0.117995951340695
4,0.404587762317575,-0.261206030131537,0.0153770222176567
5,0.389210740099918,-0.00534892380758231,0.000314648734266954
6,0.388896091365651,-2.2901295766697e-06,1.34716096833465e-07
