Iteration,xn,fxn,E
0,4.5,-0.21079579943078,1.000005
1,-501.75,0.617823529558998,506.25
2,251743.0625,0.573534286867683,252244.8125
3,-Inf,NaN,Inf
4,Inf,NaN,Inf
5,NaN,NaN,NaN
