Iteration,xn,fxn,E
0,-5,14.9990234375,1.000005
0,40,-1.20892581961463e+24,1.000005
1,-5,14.9990234375,45
2,-5,14.9990234375,0
