Iteration,xn,E
1,[-5.5;2.16666666666667],1.90909090909091
2,[-1.66666666666667;0.888888888888889],2.3
3,[-0.388888888888889;0.462962962962963],3.28571428571429
4,[0.0370370370370371;0.320987654320988],11.5
5,[0.179012345679012;0.273662551440329],0.793103448275862
6,[0.226337448559671;0.257887517146776],0.209090909090909
7,[0.242112482853224;0.252629172382259],0.0651558073654391
8,[0.247370827617741;0.250876390794086],0.021256931608133
9,[0.249123609205914;0.250292130264695],0.00703579076170088
10,[0.249707869735305;0.250097376754898],0.00233977619532032
11,[0.249902623245102;0.2500324589183],0.000779317588859251
12,[0.2499675410817;0.250010819639433],0.000259705065377814
13,[0.249989180360567;0.250003606546478],8.65608616945968e-05
14,[0.249996393453522;0.250001202182159],2.88527880576148e-05
15,[0.249998797817841;0.250000400727386],9.61750352186733e-06
16,[0.249999599272614;0.250000133575795],3.20582422994717e-06
