Iteration,xn,E
1,[1;3;6],1
2,[4.39;2.895;6.82125],0.772209567198178
3,[4.8591625;2.88320625;6.9355921875],0.0965521321832722
4,[4.924455484375;2.8815500859375;6.95150139257813],0.0132589246835861
5,[4.93354029291016;2.88131972868164;6.95371500539795],0.00184143799295839
