Iteration,xn,fxn,E
0,2,-74.1625989480318,1.0000001
1,124.411454631511,-51.0785344246869,0.983924309815975
2,506.898276023503,-12.4258528532728,0.754563271338208
3,655.511596189056,-0.539400249375262,0.226713487647732
4,662.540094232166,-0.000959357379855419,0.0106084116331931
5,662.552639378594,-3.0275373319455e-09,1.89345656220124e-05
6,662.552639418184,0,5.97540305870696e-11
