Iteration,xn,fxn,E
0,1,-75,1.005
0,9,-71.6576262890778,1.005
1,180.513140029589,-44.059683603117,171.513140029589
2,454.331183985633,-16.9007869850754,273.818043956044
3,624.726192982313,-2.92090787921529,170.39500899668
4,660.327940364287,-0.170222338927957,35.6017473819737
5,662.531104855656,-0.00164679807620871,2.20316449136851
6,662.552627355466,-9.22459150842769e-07,0.0215224998099757
7,662.552639418119,-5.00222085975111e-12,1.20626532407186e-05
