Iteration,xn,fxn,E
0,4,-250,1.000005
0,40,-1.20892581961463e+24,1.000005
1,4,-250,36
2,4,-250,0
