Iteration,xn,fxn,E
0,3,-65,1.000005
1,2.21424360312087,-26.6302712393383,0.354864476416074
2,1.16674765448471,-13.678949962338,0.897791347263332
3,-1.77257584283229,-6.94363979939362,1.65822157015321
4,-3.66772137943643,3.44598839162184,0.516709242754788
5,-3.19849806177507,0.218523634218298,0.14670114178558
6,-3.16442532963776,0.00114750263140198,0.0107674312356769
7,-3.16424450940417,3.23050833219568e-08,5.71448360112314e-05
8,-3.16424450431334,-1.00093544563862e-15,1.60886140784359e-09
