Iteration,xn,fxn,E
0,0,-77,1.0005
0,1,-75,1.0005
1,38.5,-64.5981894738793,37.5
2,271.385621131759,-34.0829006064861,232.885621131759
3,531.498429245955,-10.3852733982163,260.112808114196
4,645.490543431168,-1.31043625627018,113.992114185213
5,661.95137870795,-0.0459865128422621,16.4608352767815
6,662.550039443012,-0.000198825200754982,0.598660735062481
7,662.552639024842,-3.00796045848983e-08,0.00259958183005438
8,662.552639418184,-2.8421709430404e-14,3.9334156554105e-07
