Iteration,xn,fxn,E
0,2+0i,-9.85203026391962+0i,1.0000005
1,-1.94081210556785+0i,-13.5825575817643+21.9911485751286i,2.03049645777783
2,1.00759927675437-4.77369246395094i,-17.086799638062+4.76574189469405i,1.1500233459578
