Iteration,xn,E
1,[1;3;6],1
2,[4.39;2.895;6.82125],0.772209567198178
3,[4.8591625;2.88320625;6.9355921875],0.0965521321832722
