Iteration,xn,E
1,[0.5;27.9],21
2,[0.121;-2.025],14.7777777777778
3,[0.42025;-0.94485],1.14319733290999
4,[0.4094485;-1.7977125],0.474415402907862
5,[0.417977125;-1.766928225],0.0204045257261386
6,[0.41766928225;-1.79123480625],0.0135697347802695
7,[0.4179123480625;-1.7903574544125],0.00058161912091587
