Iteration,xn,fxn,E
0,1,-75,1.0005
0,9,-71.6576262890778,1.0005
1,180.513140029589,-44.059683603117,0.950142133705476
2,454.331183985633,-16.9007869850754,0.602683798972299
3,624.726192982313,-2.92090787921529,0.272751504436287
4,660.327940364287,-0.170222338927957,0.0539152521129624
5,662.531104855656,-0.00164679807620871,0.00332537517894878
6,662.552627355466,-9.22459150842769e-07,3.24842117008596e-05
