Iteration,xn,E
1,[2.5;0.666666666666667],1
2,[-0.166666666666667;0.666666666666667],16
3,[-0.166666666666667;0.666666666666667],0
